Classical,Mesenchymal,Neural,comparison,cell_type,data_type
4.63639630785067e-13,NA,NA,Mesenchymal,CD4,TCGA_ssgsea
0.12127854572137924,3.053947392148349e-6,NA,Neural,CD4,TCGA_ssgsea
0.39155000278330887,3.054192082498782e-15,0.026928460042264166,Proneural,CD4,TCGA_ssgsea
2.52476375315224e-14,NA,NA,Mesenchymal,CD8,TCGA_ssgsea
0.0069839819454763225,1.0379676555968435e-4,NA,Neural,CD8,TCGA_ssgsea
0.13980229165702227,1.0713018546263033e-9,0.14649213204686762,Proneural,CD8,TCGA_ssgsea
1.6279799107544188e-25,NA,NA,Mesenchymal,Macrophages,TCGA_ssgsea
0.011507439025058836,1.4291444024970799e-11,NA,Neural,Macrophages,TCGA_ssgsea
7.065470352745953e-5,1.8000195889574176e-42,4.574786002666545e-9,Proneural,Macrophages,TCGA_ssgsea
