""	"IHCClassicalCD4"	"IHCMesenchymalCD4"	"IHCNeuralCD4"	"TCGAClassicalCD4"	"TCGAMesenchymalCD4"	"TCGANeuralCD4"
"IHCMesenchymalCD4"	1	NA	NA	9.27279261570134e-13	NA	NA
"IHCNeuralCD4"	1	0.965324015530591	NA	0.606392728606896	9.16184217644505e-06	NA
"IHCProneuralCD4"	1	1	1	1	3.05419208249878e-15	0.107713840169057
